allele,n_sb_row_instances,n_unique_strong_epitopes
HLA-A*02:06,2056,918
HLA-A*30:01,2002,1073
HLA-A*68:02,1609,722
HLA-A*02:03,1552,695
HLA-A*31:01,1455,802
HLA-A*32:01,1431,648
HLA-A*68:01,1264,662
HLA-A*02:01,1186,522
HLA-B*35:01,995,456
HLA-B*58:01,992,453
HLA-A*11:01,921,520
HLA-B*15:01,826,366
HLA-A*33:01,772,427
HLA-B*07:02,767,421
HLA-A*03:01,679,385
HLA-B*57:01,673,322
HLA-A*23:01,645,300
HLA-B*53:01,611,272
HLA-B*08:01,607,309
HLA-A*24:02,441,220
HLA-B*40:01,365,154
HLA-A*30:02,364,184
HLA-A*26:01,333,146
HLA-B*44:03,256,107
HLA-B*44:02,231,98
HLA-A*01:01,176,77
HLA-B*51:01,168,90
